Workbook

Sheet Document Control
A1: BlueSea Foods | C1: BSF-INV-002 - Document Ownership Matrix
C2: Ownership governance workbook | Version 1.0
C4: Field | D4: Value
C5: Document Code | D5: BSF-INV-002
C6: Document Title | D6: Document Ownership Matrix
C7: Business Area | D7: Document Control
C8: Source Review Format | D8: XLSX
C9: Target Export Format | D9: XLSX
C10: Version | D10: 1.0
C11: Issue Date | D11: 2026-07-21
C12: Document Owner | D12: Document Control Specialist
C13: Backup Owner | D13: Department Managers
C14: Confidentiality | D14: Internal Use
C15: Access Level | D15: Document owners and approvers
... C17: Purpose | D17: Assign accountable owners, reviewers, approvers, backup roles and governance status for the BlueSea Foods document set.
C19: Ownership Rules
C20: Accountable Owner | D20: Maintains content accuracy, approves updates for review, and confirms operational relevance.
C21: Backup Owner | D21: Acts when the accountable owner is unavailable and helps confirm continuity of ownership.
C22: Primary Reviewer | D22: Checks technical, operational, quality, HSE, IT or compliance accuracy before approval.
C23: Final Approver | D23: Authorizes release or republication according to confidentiality and business risk.
C24: Escalation Owner | D24: Receives overdue, blocked or disputed ownership actions.

Sheet Ownership Matrix
A1: Document Code | B1: Document Title | C1: Business Area | D1: Category | E1: Format | F1: Document Status | G1: Accountable Owner | H1: Backup Owner | I1: Primary Reviewer | J1: Final Approver | K1: Consulted Role | L1: Informed Audience | M1: Confidentiality | N1: Access Level | O1: Criticality | P1: Review Frequency | Q1: Next Review Date | R1: RAG Priority | S1: Metadata Status | T1: Escalation Owner | U1: Ownership Status | V1: Related Documents | W1: Notes
A2: BSF-CORP-001 | B2: Corporate Profile | C2: Corporate | D2: Corporate reference | E2: PDF | F2: Planned | G2: Corporate Affairs Manager | H2: Quality Management Coordinator | I2: Quality Management Coordinator | J2: Corporate Affairs Manager | K2: Document Control Specialist | L2: All employees | M2: Internal Use | N2: All employees | O2: High | P2: Annual | Q2: 2027-07-21 | R2: High | S2: Pending file generation | T2: General Manager | U2: Assigned | V2: BSF-CORP-002; BSF-CORP-004; BSF-DOC-STD-001 | W2: PDF-listed document will be delivered as DOCX under the updated project rule.
A3: BSF-CORP-002 | B3: Corporate Glossary | C3: Corporate | D3: Corporate reference | E3: PDF + Markdown | F3: Generated | G3: Corporate Affairs Manager | H3: Document Control Specialist | I3: Quality Management Coordinator | J3: Corporate Affairs Manager | K3: Document Control Specialist | L3: All employees | M3: Internal Use | N3: All employees | O3: High | P3: Annual | Q3: 2027-07-21 | R3: High | S3: Metadata complete | T3: General Manager | U3: Assigned | V3: BSF-CORP-001; BSF-DOC-STD-001; BSF-CORP-004 | W3: Formal PDF retained; Markdown companion aligned with PDF and enriched with retrieval supplement.
A4: BSF-DOC-STD-001 | B4: Corporate Document Standard | C4: Corporate | D4: Document control standard | E4: PDF | F4: Planned | G4: Document Control Specialist | H4: Quality Management Coordinator | I4: Quality Management Coordinator | J4: Corporate Affairs Manager | K4: Document Control Specialist | L4: Document owners and approvers | M4: Internal Use | N4: Document owners and approvers | O4: High | P4: Annual | Q4: 2027-07-21 | R4: High | S4: Pending file generation | T4: General Manager | U4: Assigned | V4: BSF-INV-001; BSF-INV-002; BSF-INV-004 | W4: PDF-listed document will be delivered as DOCX under the updated project rule.
A5: BSF-CORP-003 | B5: Corporate Organization Chart | C5: Corporate | D5: Corporate reference | E5: PDF | F5: Planned | G5: Human Resources Manager | H5: Corporate Affairs Manager | I5: Quality Management Coordinator | J5: Corporate Affairs Manager | K5: Document Control Specialist | L5: All employees | M5: Internal Use | N5: All employees | O5: Medium | P5: Annual | Q5: 2027-07-21 | R5: Medium | S5: Pending file generation | T5: General Manager | U5: Assigned | V5: BSF-CORP-001; BSF-CORP-004; BSF-INV-002 | W5: PDF-listed document will be delivered as DOCX under the updated project rule.
A6: BSF-CORP-004 | B6: Corporate Knowledge Map | C6: Corporate | D6: Knowledge management | E6: PDF | F6: Generated | G6: Knowledge Management Lead | H6: Document Control Specialist | I6: Quality Management Coordinator | J6: Corporate Affairs Manager | K6: Document Control Specialist | L6: Managers and document owners | M6: Internal Use | N6: Managers and document owners | O6: High | P6: Annual | Q6: 2027-07-21 | R6: High | S6: Metadata complete | T6: General Manager | U6: Assigned | V6: BSF-CORP-001; BSF-INV-001; BSF-INV-003; BSF-INV-004 | W6: Knowledge map retained as PDF; use for routing and ownership, not primary conceptual answers.
A7: BSF-HR-001 | B7: Employee Onboarding Guide | C7: Human Resources | D7: Employee guidance | E7: PDF | F7: Planned | G7: Human Resources Manager | H7: HSE Coordinator | I7: Payroll and Benefits Officer | J7: Corporate Affairs Manager | K7: Document Control Specialist | L7: Employees and new hires | M7: Internal Use | N7: Employees and new hires | O7: High | P7: Annual | Q7: 2027-07-21 | R7: High | S7: Pending file generation | T7: HR Manager | U7: Assigned | V7: BSF-HR-002; BSF-HR-003; BSF-HSE-001; BSF-QMS-001 | W7: PDF-listed document will be delivered as DOCX under the updated project rule.
A8: BSF-HR-002 | B8: Employee FAQ | C8: Human Resources | D8: Employee guidance | E8: Markdown | F8: Generated | G8: Human Resources Manager | H8: Payroll and Benefits Officer | I8: Payroll and Benefits Officer | J8: Corporate Affairs Manager | K8: Document Control Specialist | L8: All employees | M8: Internal Use | N8: All employees | O8: High | P8: Annual | Q8: 2027-07-21 | R8: High | S8: Metadata complete | T8: HR Manager | U8: Assigned | V8: BSF-HR-001; BSF-HR-003; BSF-IT-002 | W8: HR FAQ retained as main HR source; use with HR-004 and CORP-006 for labor questions.
A9: BSF-HR-003 | B9: Leave and Benefits Policy | C9: Human Resources | D9: Policy | E9: DOCX | F9: Generated | G9: Human Resources Manager | H9: Payroll and Benefits Officer | I9: Payroll and Benefits Officer | J9: Corporate Affairs Manager | K9: Document Control Specialist | L9: Employees and HR | M9: Confidential - Internal | N9: Employees and HR | O9: High | P9: Semiannual | Q9: 2027-07-21 | R9: High | S9: Metadata complete | T9: HR Manager | U9: Assigned | V9: BSF-HR-001; BSF-HR-002; BSF-IT-002 | W9: Generated as Markdown before the DOCX/PDF delivery rule update.
A10: BSF-HSE-001 | B10: Workplace Safety Procedure | C10: HSE | D10: Procedure | E10: DOCX | F10: Generated | G10: HSE Manager | H10: Operations Manager | I10: Emergency Response Coordinator | J10: Corporate Affairs Manager | K10: Document Control Specialist | L10: All operational employees and contractors | M10: Internal Use | N10: All operational employees and contractors | O10: High | P10: Annual | Q10: 2027-07-21 | R10: High | S10: Metadata complete | T10: HSE Manager | U10: Assigned | V10: BSF-HSE-002; BSF-OPS-004; BSF-QMS-001 | W10: Generated as Markdown for review; original final format was DOCX.
A11: BSF-HSE-002 | B11: Emergency Response Guide | C11: HSE | D11: Emergency guide | E11: PDF | F11: Generated | G11: HSE Manager | H11: Emergency Response Coordinator | I11: Emergency Response Coordinator | J11: Corporate Affairs Manager | K11: Document Control Specialist | L11: All employees and contractors | M11: Internal Use | N11: All employees and contractors | O11: High | P11: Annual | Q11: 2027-07-21 | R11: High | S11: Metadata complete | T11: HSE Manager | U11: Assigned | V11: BSF-HSE-001; BSF-OPS-001; BSF-OPS-004 | W11: Generated as Markdown before the updated rule that PDF-listed documents should be delivered as DOCX.
A12: BSF-OPS-001 | B12: Cold Chain Control Register | C12: Operations | D12: Operational register | E12: XLSX | F12: Generated | G12: Cold Chain Supervisor | H12: Quality Control Supervisor | I12: Quality Control Supervisor | J12: Operations Manager | K12: Document Control Specialist | L12: Operations and QA | M12: Internal Use | N12: Operations and QA | O12: High | P12: Annual | Q12: 2027-07-21 | R12: High | S12: Metadata complete | T12: Operations Manager | U12: Assigned | V12: BSF-OPS-004; BSF-HSE-002; BSF-QMS-003 | W12: Excel register generated with control sheet and formulas.
... A40: BSF-RAG-002 | B40: Document Review and Update Plan for RAG Improvement | C40: Corporate Knowledge Management | D40: RAG update plan | E40: Markdown | F40: Generated | G40: Knowledge Management Lead | H40: Document Control Specialist | I40: Document Control Specialist | J40: Corporate Affairs Manager | K40: Document Control Specialist | L40: RAG team and document owners | M40: Internal Use | N40: RAG team and document owners | O40: Low | P40: Annual | Q40: 2027-07-24 | R40: Low | S40: Metadata complete | T40: General Manager | U40: Assigned | V40: BSF-RAG-001; BSF-INV-001; BSF-INV-003; BSF-INV-004 | W40: Project control source. Do not prioritize for general employee answers.

Sheet RACI
A1: Role | B1: Create / Draft | C1: Technical Review | D1: Final Approval | E1: Publish / Version | F1: RAG Metadata | G1: Access Control | H1: Overdue Escalation
A2: Document Control Specialist | B2: R | C2: C | D2: C | E2: A | F2: R | G2: C | H2: R
A3: Accountable Owner | B3: A/R | C3: R | D3: C | E3: C | F3: C | G3: C | H3: R
A4: Backup Owner | B4: R | C4: C | D4: C | E4: C | F4: C | G4: I | H4: R
A5: Primary Reviewer | B5: C | C5: A/R | D5: C | E5: I | F5: C | G5: I | H5: C
A6: Final Approver | B6: I | C6: C | D6: A | E6: I | F6: I | G6: C | H6: A
A7: Knowledge Management Lead | B7: C | C7: C | D7: I | E7: C | F7: A/R | G7: C | H7: C
A8: Information Security Officer | B8: I | C8: C | D8: C | E8: I | F8: C | G8: A/R | H8: C
A9: General Manager | B9: I | C9: I | D9: A | E9: I | F9: I | G9: I | H9: A

Sheet Review Calendar
A1: Next Review Date | B1: Document Code | C1: Document Title | D1: Business Area | E1: Accountable Owner | F1: Criticality | G1: Review Frequency | H1: Due Month | I1: Review Status | J1: Escalation Owner
A2: 2027-07-21 | B2: BSF-CORP-001 | C2: Corporate Profile | D2: Corporate | E2: Corporate Affairs Manager | F2: High | G2: Annual | H2: Jul 2027 | I2: Scheduled | J2: General Manager
A3: 2027-07-21 | B3: BSF-CORP-002 | C3: Corporate Glossary | D3: Corporate | E3: Corporate Affairs Manager | F3: High | G3: Annual | H3: Jul 2027 | I3: Scheduled | J3: General Manager
A4: 2027-07-21 | B4: BSF-DOC-STD-001 | C4: Corporate Document Standard | D4: Corporate | E4: Document Control Specialist | F4: High | G4: Annual | H4: Jul 2027 | I4: Scheduled | J4: General Manager
A5: 2027-07-21 | B5: BSF-CORP-003 | C5: Corporate Organization Chart | D5: Corporate | E5: Human Resources Manager | F5: Medium | G5: Annual | H5: Jul 2027 | I5: Scheduled | J5: General Manager
A6: 2027-07-21 | B6: BSF-CORP-004 | C6: Corporate Knowledge Map | D6: Corporate | E6: Knowledge Management Lead | F6: High | G6: Annual | H6: Jul 2027 | I6: Scheduled | J6: General Manager
A7: 2027-07-21 | B7: BSF-HR-001 | C7: Employee Onboarding Guide | D7: Human Resources | E7: Human Resources Manager | F7: High | G7: Annual | H7: Jul 2027 | I7: Scheduled | J7: HR Manager
A8: 2027-07-21 | B8: BSF-HR-002 | C8: Employee FAQ | D8: Human Resources | E8: Human Resources Manager | F8: High | G8: Annual | H8: Jul 2027 | I8: Scheduled | J8: HR Manager
A9: 2027-07-21 | B9: BSF-HR-003 | C9: Leave and Benefits Policy | D9: Human Resources | E9: Human Resources Manager | F9: High | G9: Semiannual | H9: Jul 2027 | I9: Scheduled | J9: HR Manager
A10: 2027-07-21 | B10: BSF-HSE-001 | C10: Workplace Safety Procedure | D10: HSE | E10: HSE Manager | F10: High | G10: Annual | H10: Jul 2027 | I10: Scheduled | J10: HSE Manager
A11: 2027-07-21 | B11: BSF-HSE-002 | C11: Emergency Response Guide | D11: HSE | E11: HSE Manager | F11: High | G11: Annual | H11: Jul 2027 | I11: Scheduled | J11: HSE Manager
A12: 2027-07-21 | B12: BSF-OPS-001 | C12: Cold Chain Control Register | D12: Operations | E12: Cold Chain Supervisor | F12: High | G12: Annual | H12: Jul 2027 | I12: Scheduled | J12: Operations Manager
... A38: 2027-07-24 | B38: BSF-RAG-002 | C38: Document Review and Update Plan for RAG Improvement | D38: Corporate Knowledge Management | E38: Knowledge Management Lead | F38: Low | G38: Annual | H38: Jul 2027 | I38: Scheduled | J38: General Manager

Sheet Owner Summary
A1: Owner Summary
A3: Business Area | B3: Total Docs | C3: Generated | D3: Planned | E3: Critical/High | F3: Confidential | G3: Assigned Owners | H3: Overdue Reviews
A4: Corporate | B4: =COUNTIF('Ownership Matrix'!$C$2:$C$40,A4) -> 8 | C4: =COUNTIFS('Ownership Matrix'!$C$2:$C$40,A4,'Ownership Matrix'!$F$2:$F$40,"Generated") -> 5 | D4: =COUNTIFS('Ownership Matrix'!$C$2:$C$40,A4,'Ownership Matrix'!$F$2:$F$40,"Planned") -> 3 | E4: =COUNTIFS('Ownership Matrix'!$C$2:$C$40,A4,'Ownership Matrix'!$O$2:$O$40,"Critical")+COUNTIFS('Ownership Matrix'!$C$2:$C$40,A4,'Ownership Matrix'!$O$2:$O$40,"High") -> 5 | F4: =COUNTIFS('Ownership Matrix'!$C$2:$C$40,A4,'Ownership Matrix'!$M$2:$M$40,"*Confidential*") -> 0 | G4: =COUNTIFS('Ownership Matrix'!$C$2:$C$40,A4,'Ownership Matrix'!$U$2:$U$40,"Assigned") -> 8 | H4: =COUNTIFS('Review Calendar'!$D$2:$D$38,A4,'Review Calendar'!$I$2:$I$38,"Overdue") -> 0
A5: Document Control | B5: =COUNTIF('Ownership Matrix'!$C$2:$C$40,A5) -> 5 | C5: =COUNTIFS('Ownership Matrix'!$C$2:$C$40,A5,'Ownership Matrix'!$F$2:$F$40,"Generated") -> 5 | D5: =COUNTIFS('Ownership Matrix'!$C$2:$C$40,A5,'Ownership Matrix'!$F$2:$F$40,"Planned") -> 0 | E5: =COUNTIFS('Ownership Matrix'!$C$2:$C$40,A5,'Ownership Matrix'!$O$2:$O$40,"Critical")+COUNTIFS('Ownership Matrix'!$C$2:$C$40,A5,'Ownership Matrix'!$O$2:$O$40,"High") -> 5 | F5: =COUNTIFS('Ownership Matrix'!$C$2:$C$40,A5,'Ownership Matrix'!$M$2:$M$40,"*Confidential*") -> 1 | G5: =COUNTIFS('Ownership Matrix'!$C$2:$C$40,A5,'Ownership Matrix'!$U$2:$U$40,"Assigned") -> 5 | H5: =COUNTIFS('Review Calendar'!$D$2:$D$38,A5,'Review Calendar'!$I$2:$I$38,"Overdue") -> 0
A6: HSE | B6: =COUNTIF('Ownership Matrix'!$C$2:$C$40,A6) -> 2 | C6: =COUNTIFS('Ownership Matrix'!$C$2:$C$40,A6,'Ownership Matrix'!$F$2:$F$40,"Generated") -> 2 | D6: =COUNTIFS('Ownership Matrix'!$C$2:$C$40,A6,'Ownership Matrix'!$F$2:$F$40,"Planned") -> 0 | E6: =COUNTIFS('Ownership Matrix'!$C$2:$C$40,A6,'Ownership Matrix'!$O$2:$O$40,"Critical")+COUNTIFS('Ownership Matrix'!$C$2:$C$40,A6,'Ownership Matrix'!$O$2:$O$40,"High") -> 2 | F6: =COUNTIFS('Ownership Matrix'!$C$2:$C$40,A6,'Ownership Matrix'!$M$2:$M$40,"*Confidential*") -> 0 | G6: =COUNTIFS('Ownership Matrix'!$C$2:$C$40,A6,'Ownership Matrix'!$U$2:$U$40,"Assigned") -> 2 | H6: =COUNTIFS('Review Calendar'!$D$2:$D$38,A6,'Review Calendar'!$I$2:$I$38,"Overdue") -> 0
A7: Human Resources | B7: =COUNTIF('Ownership Matrix'!$C$2:$C$40,A7) -> 4 | C7: =COUNTIFS('Ownership Matrix'!$C$2:$C$40,A7,'Ownership Matrix'!$F$2:$F$40,"Generated") -> 3 | D7: =COUNTIFS('Ownership Matrix'!$C$2:$C$40,A7,'Ownership Matrix'!$F$2:$F$40,"Planned") -> 1 | E7: =COUNTIFS('Ownership Matrix'!$C$2:$C$40,A7,'Ownership Matrix'!$O$2:$O$40,"Critical")+COUNTIFS('Ownership Matrix'!$C$2:$C$40,A7,'Ownership Matrix'!$O$2:$O$40,"High") -> 4 | F7: =COUNTIFS('Ownership Matrix'!$C$2:$C$40,A7,'Ownership Matrix'!$M$2:$M$40,"*Confidential*") -> 1 | G7: =COUNTIFS('Ownership Matrix'!$C$2:$C$40,A7,'Ownership Matrix'!$U$2:$U$40,"Assigned") -> 4 | H7: =COUNTIFS('Review Calendar'!$D$2:$D$38,A7,'Review Calendar'!$I$2:$I$38,"Overdue") -> 0
A8: Operations | B8: =COUNTIF('Ownership Matrix'!$C$2:$C$40,A8) -> 5 | C8: =COUNTIFS('Ownership Matrix'!$C$2:$C$40,A8,'Ownership Matrix'!$F$2:$F$40,"Generated") -> 5 | D8: =COUNTIFS('Ownership Matrix'!$C$2:$C$40,A8,'Ownership Matrix'!$F$2:$F$40,"Planned") -> 0 | E8: =COUNTIFS('Ownership Matrix'!$C$2:$C$40,A8,'Ownership Matrix'!$O$2:$O$40,"Critical")+COUNTIFS('Ownership Matrix'!$C$2:$C$40,A8,'Ownership Matrix'!$O$2:$O$40,"High") -> 5 | F8: =COUNTIFS('Ownership Matrix'!$C$2:$C$40,A8,'Ownership Matrix'!$M$2:$M$40,"*Confidential*") -> 1 | G8: =COUNTIFS('Ownership Matrix'!$C$2:$C$40,A8,'Ownership Matrix'!$U$2:$U$40,"Assigned") -> 5 | H8: =COUNTIFS('Review Calendar'!$D$2:$D$38,A8,'Review Calendar'!$I$2:$I$38,"Overdue") -> 0
A9: Quality and Certifications | B9: =COUNTIF('Ownership Matrix'!$C$2:$C$40,A9) -> 5 | C9: =COUNTIFS('Ownership Matrix'!$C$2:$C$40,A9,'Ownership Matrix'!$F$2:$F$40,"Generated") -> 5 | D9: =COUNTIFS('Ownership Matrix'!$C$2:$C$40,A9,'Ownership Matrix'!$F$2:$F$40,"Planned") -> 0 | E9: =COUNTIFS('Ownership Matrix'!$C$2:$C$40,A9,'Ownership Matrix'!$O$2:$O$40,"Critical")+COUNTIFS('Ownership Matrix'!$C$2:$C$40,A9,'Ownership Matrix'!$O$2:$O$40,"High") -> 5 | F9: =COUNTIFS('Ownership Matrix'!$C$2:$C$40,A9,'Ownership Matrix'!$M$2:$M$40,"*Confidential*") -> 1 | G9: =COUNTIFS('Ownership Matrix'!$C$2:$C$40,A9,'Ownership Matrix'!$U$2:$U$40,"Assigned") -> 5 | H9: =COUNTIFS('Review Calendar'!$D$2:$D$38,A9,'Review Calendar'!$I$2:$I$38,"Overdue") -> 0
A10: Technology | B10: =COUNTIF('Ownership Matrix'!$C$2:$C$40,A10) -> 4 | C10: =COUNTIFS('Ownership Matrix'!$C$2:$C$40,A10,'Ownership Matrix'!$F$2:$F$40,"Generated") -> 4 | D10: =COUNTIFS('Ownership Matrix'!$C$2:$C$40,A10,'Ownership Matrix'!$F$2:$F$40,"Planned") -> 0 | E10: =COUNTIFS('Ownership Matrix'!$C$2:$C$40,A10,'Ownership Matrix'!$O$2:$O$40,"Critical")+COUNTIFS('Ownership Matrix'!$C$2:$C$40,A10,'Ownership Matrix'!$O$2:$O$40,"High") -> 4 | F10: =COUNTIFS('Ownership Matrix'!$C$2:$C$40,A10,'Ownership Matrix'!$M$2:$M$40,"*Confidential*") -> 2 | G10: =COUNTIFS('Ownership Matrix'!$C$2:$C$40,A10,'Ownership Matrix'!$U$2:$U$40,"Assigned") -> 4 | H10: =COUNTIFS('Review Calendar'!$D$2:$D$38,A10,'Review Calendar'!$I$2:$I$38,"Overdue") -> 0
A13: Top-Level Controls
A14: Total documents | B14: =COUNTA('Ownership Matrix'!$A$2:$A$40) -> 39
A15: Documents generated | B15: =COUNTIF('Ownership Matrix'!$F$2:$F$40,"Generated") -> 35
A16: Documents planned | B16: =COUNTIF('Ownership Matrix'!$F$2:$F$40,"Planned") -> 4
A17: Critical documents | B17: =COUNTIF('Ownership Matrix'!$O$2:$O$40,"Critical") -> 5
A18: Ownership assigned | B18: =COUNTIF('Ownership Matrix'!$U$2:$U$40,"Assigned") -> 39
A19: Reviews due within 60 days | B19: =COUNTIF('Review Calendar'!$I$2:$I$38,"Due Soon") -> 0

Sheet Lists
A1: List Name | B1: Allowed Value
A2: Document Status | B2: Generated
A3: Document Status | B3: Planned
A4: Document Status | B4: In Review
A5: Document Status | B5: Retired
A6: Criticality | B6: Critical
A7: Criticality | B7: High
A8: Criticality | B8: Medium
A9: Criticality | B9: Low
A10: Review Frequency | B10: Before release
A11: Review Frequency | B11: Quarterly
A12: Review Frequency | B12: Semiannual
... A16: Review Status | B16: Scheduled
